{"initial_reset_timestamp": 1562299909.7164674, "timestamps": [1562299911.5932379, 1562299913.2550092, 1562299915.2897866, 1562299916.9184666, 1562299918.7999432, 1562299920.4184394, 1562299922.205414, 1562299924.0610049, 1562299925.6985252, 1562299927.55694, 1562299929.1913576, 1562299930.9557877, 1562299932.6042745, 1562299934.3663037, 1562299936.267064, 1562299937.9687982, 1562299939.931951, 1562299941.547644, 1562299943.519282, 1562299945.2280614], "episode_lengths": [50, 50, 50, 50, 50, 50, 50, 50, 50, 50, 50, 50, 50, 50, 50, 50, 50, 50, 50, 50], "episode_rewards": [-47.313332150466536, -83.1258416882084, -90.27589596717326, -98.70023448199697, -73.34884823306838, -71.71304607585066, -80.65540966648588, -78.85750436370282, -93.68274924285375, -93.86810863506038, -91.04463399534012, -81.53834540238087, -92.24197033519405, -94.60761134341831, -88.55028726965891, -96.65620663218668, -81.57965387239621, -84.08537093231924, -93.82736514521403, -62.83427892944454], "episode_types": ["t", "t", "t", "t", "t", "t", "t", "t", "t", "t", "t", "t", "t", "t", "t", "t", "t", "t", "t", "t", "t"]}