{"initial_reset_timestamp": 1561769668.202147, "timestamps": [1561769669.6945946, 1561769673.234544, 1561769673.5938213, 1561769673.9159105, 1561769675.3090582, 1561769675.6398368, 1561769676.0449889, 1561769677.353651, 1561769677.9746616, 1561769678.3440738, 1561769678.7163067, 1561769679.057114, 1561769679.433681, 1561769679.755778, 1561769680.401956, 1561769680.7452064, 1561769682.6431513, 1561769684.7979503, 1561769685.1887252, 1561769685.5086632, 1561769711.0549943, 1561769711.4358122, 1561769711.758136, 1561769712.909611, 1561769713.3083057, 1561769713.6358352, 1561769713.9913874, 1561769714.6786377, 1561769716.2821915, 1561769717.7485607, 1561769718.4009287, 1561769718.9414847, 1561769719.3668356, 1561769719.7123244, 1561769721.7815676, 1561769722.3805487, 1561769723.9098322, 1561769737.4178202, 1561769737.8319058, 1561769738.9940732, 1561769739.4863017, 1561769740.1081524, 1561769741.4801128, 1561769741.8388383, 1561769744.028709, 1561769744.432347, 1561769745.5452805, 1561769747.360041, 1561769747.7067747, 1561769748.4488468, 1561769748.8743644, 1561769749.1922672, 1561769750.8171372, 1561769751.1649485, 1561769751.8121276, 1561769752.2204227, 1561769752.5371044, 1561769752.935938, 1561769754.2419753, 1561769754.6172538, 1561769757.0840502, 1561769757.4466865, 1561769758.6043286, 1561769759.3314018, 1561769759.9464066, 1561769777.486827, 1561769777.8562894, 1561769778.1896791, 1561769778.509789, 1561769778.838762, 1561769779.1568768, 1561769781.0408478, 1561769782.1411445, 1561769782.7868092, 1561769783.1387799, 1561769808.909002, 1561769809.2711089, 1561769809.5892673, 1561769809.9182134, 1561769811.808098, 1561769814.2146556, 1561769814.666381, 1561769816.1456208, 1561769817.2356637, 1561769818.4693751, 1561769818.9187021, 1561769819.4245987, 1561769819.7596452, 1561769821.320498, 1561769821.6683047, 1561769822.9692764, 1561769823.4106178, 1561769823.7924542, 1561769824.1800332, 1561769824.5077956, 1561769826.7703285, 1561769827.118711, 1561769827.4997404, 1561769828.1266558, 1561769830.7431138, 1561769831.4375396, 1561769831.8101223, 1561769832.1027696, 1561769834.3268833, 1561769834.7321086, 1561769835.668863, 1561769836.918205, 1561769837.330841, 1561769837.645666, 1561769837.959315, 1561769839.5924993, 1561769841.1686249, 1561769841.8335533, 1561769843.1730266, 1561769843.984121, 1561769845.2687955, 1561769846.7068162, 1561769848.0830576, 1561769849.8937695, 1561769850.2551596, 1561769851.4483426, 1561769852.9707112, 1561769853.3276272, 1561769878.5550694, 1561769878.9074981, 1561769880.263283, 1561769881.4990087, 1561769881.9157822, 1561769882.241823, 1561769907.867867, 1561769908.2720833, 1561769908.7897022, 1561769909.2674112, 1561769909.891729, 1561769911.532385, 1561769937.2283795, 1561769937.6695693, 1561769938.008541, 1561769938.33788, 1561769938.70165, 1561769939.0191975, 1561769939.5235457, 1561769939.8453555, 1561769940.1517258, 1561769941.1114922, 1561769942.2193055, 1561769944.3861647, 1561769944.7975194, 1561769945.1453042, 1561769946.5535388, 1561769947.0371003, 1561769947.3720202, 1561769950.2452521, 1561769950.6923423, 1561769951.0409093, 1561769951.3714497, 1561769953.195235, 1561769953.5634878, 1561769954.0507333, 1561769955.297099, 1561769955.7100294, 1561769956.6693587, 1561769957.10684, 1561769958.3791013, 1561769958.7115085, 1561769959.0171614, 1561769959.570856, 1561769959.9251065, 1561769960.2327056, 1561769963.1528838, 1561769963.7924306, 1561769964.21916, 1561769964.6635873, 1561769964.9955194, 1561769965.3283317, 1561769965.6916475, 1561769991.249481, 1561769993.2617562, 1561769993.6478372, 1561769995.889822, 1561769997.0601807, 1561770005.2729516, 1561770005.6893833, 1561770008.1907399, 1561770008.5496924, 1561770008.9027505, 1561770009.2829194, 1561770009.6645641, 1561770012.8574872, 1561770013.8011682, 1561770015.361726, 1561770041.047153, 1561770041.4282594, 1561770043.212554, 1561770044.5818312, 1561770044.971279, 1561770045.2974358, 1561770045.6029906, 1561770045.9673162, 1561770071.1158717, 1561770071.4677253, 1561770071.7762506, 1561770072.0927522, 1561770072.4278858, 1561770072.7734299, 1561770073.4523294, 1561770073.828932, 1561770099.2056344, 1561770100.0012872, 1561770100.3741937, 1561770101.821809, 1561770102.6760976, 1561770105.2208545, 1561770105.5856755, 1561770105.8829591, 1561770131.5293126, 1561770131.9030092, 1561770132.7071419, 1561770158.3512268, 1561770158.6900883, 1561770159.7807696, 1561770160.240714, 1561770160.8450873, 1561770161.1985025, 1561770161.5476356, 1561770162.5769777, 1561770163.0023663, 1561770163.4277103, 1561770163.829751, 1561770164.8323097, 1561770165.2280045, 1561770190.3135788, 1561770190.7171109, 1561770216.2595143, 1561770217.2912724], "episode_lengths": [43, 129, 3, 3, 46, 2, 7, 41, 10, 4, 4, 3, 5, 3, 16, 3, 64, 74, 4, 3, 1000, 3, 3, 36, 3, 3, 4, 17, 50, 47, 15, 10, 6, 4, 72, 13, 48, 521, 5, 36, 6, 15, 43, 3, 75, 4, 35, 57, 3, 20, 6, 3, 55, 3, 16, 5, 3, 7, 43, 3, 91, 4, 39, 17, 15, 674, 3, 3, 3, 3, 3, 65, 34, 13, 3, 1000, 3, 3, 3, 63, 82, 7, 48, 33, 34, 5, 10, 3, 51, 3, 42, 4, 5, 5, 3, 78, 3, 5, 15, 92, 15, 3, 2, 78, 5, 26, 37, 3, 3, 3, 55, 52, 16, 42, 20, 39, 43, 44, 59, 3, 39, 47, 3, 1000, 3, 45, 36, 3, 3, 1000, 5, 11, 9, 14, 52, 1000, 7, 3, 3, 5, 3, 10, 2, 3, 28, 32, 73, 6, 4, 45, 8, 3, 103, 7, 4, 3, 62, 3, 10, 39, 3, 28, 5, 45, 3, 3, 13, 3, 3, 112, 15, 6, 8, 3, 4, 5, 1000, 68, 4, 78, 36, 310, 5, 90, 3, 4, 5, 5, 118, 26, 48, 1000, 4, 61, 42, 3, 3, 3, 5, 1000, 3, 3, 3, 4, 4, 17, 4, 1000, 20, 3, 48, 23, 89, 3, 2, 1000, 3, 21, 1000, 3, 35, 5, 14, 3, 4, 30, 4, 7, 6, 30, 3, 1000, 5, 1000, 31], "episode_rewards": [43.0, 129.0, 3.0, 3.0, 46.0, 2.0, 7.0, 41.0, 10.0, 4.0, 4.0, 3.0, 5.0, 3.0, 16.0, 3.0, 64.0, 74.0, 4.0, 3.0, 1000.0, 3.0, 3.0, 36.0, 3.0, 3.0, 4.0, 17.0, 50.0, 47.0, 15.0, 10.0, 6.0, 4.0, 72.0, 13.0, 48.0, 521.0, 5.0, 36.0, 6.0, 15.0, 43.0, 3.0, 75.0, 4.0, 35.0, 57.0, 3.0, 20.0, 6.0, 3.0, 55.0, 3.0, 16.0, 5.0, 3.0, 7.0, 43.0, 3.0, 91.0, 4.0, 39.0, 17.0, 15.0, 674.0, 3.0, 3.0, 3.0, 3.0, 3.0, 65.0, 34.0, 13.0, 3.0, 1000.0, 3.0, 3.0, 3.0, 63.0, 82.0, 7.0, 48.0, 33.0, 34.0, 5.0, 10.0, 3.0, 51.0, 3.0, 42.0, 4.0, 5.0, 5.0, 3.0, 78.0, 3.0, 5.0, 15.0, 92.0, 15.0, 3.0, 2.0, 78.0, 5.0, 26.0, 37.0, 3.0, 3.0, 3.0, 55.0, 52.0, 16.0, 42.0, 20.0, 39.0, 43.0, 44.0, 59.0, 3.0, 39.0, 47.0, 3.0, 1000.0, 3.0, 45.0, 36.0, 3.0, 3.0, 1000.0, 5.0, 11.0, 9.0, 14.0, 52.0, 1000.0, 7.0, 3.0, 3.0, 5.0, 3.0, 10.0, 2.0, 3.0, 28.0, 32.0, 73.0, 6.0, 4.0, 45.0, 8.0, 3.0, 103.0, 7.0, 4.0, 3.0, 62.0, 3.0, 10.0, 39.0, 3.0, 28.0, 5.0, 45.0, 3.0, 3.0, 13.0, 3.0, 3.0, 112.0, 15.0, 6.0, 8.0, 3.0, 4.0, 5.0, 1000.0, 68.0, 4.0, 78.0, 36.0, 310.0, 5.0, 90.0, 3.0, 4.0, 5.0, 5.0, 118.0, 26.0, 48.0, 1000.0, 4.0, 61.0, 42.0, 3.0, 3.0, 3.0, 5.0, 1000.0, 3.0, 3.0, 3.0, 4.0, 4.0, 17.0, 4.0, 1000.0, 20.0, 3.0, 48.0, 23.0, 89.0, 3.0, 2.0, 1000.0, 3.0, 21.0, 1000.0, 3.0, 35.0, 5.0, 14.0, 3.0, 4.0, 30.0, 4.0, 7.0, 6.0, 30.0, 3.0, 1000.0, 5.0, 1000.0, 31.0],