obs_rms_mean,obs_rms_std,param_noise_stddev,reference_Q_mean,reference_Q_std,reference_action_mean,reference_action_std,reference_actor_Q_mean,reference_actor_Q_std,reference_perturbed_action_mean,reference_perturbed_action_std,rollout/Q_mean,rollout/actions_mean,rollout/actions_std,rollout/episode_steps,rollout/episodes,rollout/return,rollout/return_history,rollout/return_history_std,rollout/return_std,total/duration,total/episodes,total/epochs,total/steps,total/steps_per_second,train/loss_actor,train/loss_critic,train/param_noise_distance
0.0,1.0,0.1639088940674591,42.96690368652344,14.4089994430542,0.07022406160831451,0.9870999455451965,44.382652282714844,14.533666610717773,0.02527831867337227,0.990098774433136,23.1768741607666,0.0772198736667633,0.9891728758811951,27.549723756906076,724.0,145.99249267578125,160.2731475830078,117.9271240234375,110.31107330322266,64.06608057022095,724.0,1,20000,312.1776737704219,-44.156959533691406,41.40351486206055,1.0118921995162964
0.0,1.0,0.13433062777208762,80.50334167480469,33.78599548339844,0.42571738362312317,0.8751680254936218,83.67620849609375,32.80218505859375,0.24822953343391418,0.9582882523536682,47.83102035522461,0.12340226024389267,0.9824051260948181,30.996899224806203,1290.0,172.18968200683594,246.88775634765625,149.58538818359375,127.03506469726562,128.90314602851868,1290.0,2,40000,310.3105023608218,-90.87151336669922,87.91936492919922,1.1388344764709473
